Time,Stock 0 Ground Truth,Stock 0 Prediction,Stock 1 Ground Truth,Stock 1 Prediction,Stock 2 Ground Truth,Stock 2 Prediction,Stock 3 Ground Truth,Stock 3 Prediction,Stock 4 Ground Truth,Stock 4 Prediction,Stock 5 Ground Truth,Stock 5 Prediction,Stock 6 Ground Truth,Stock 6 Prediction,Stock 7 Ground Truth,Stock 7 Prediction
0,0.0059483917,0.52548486,0.009077152,0.87278384,0.002848574,0.6610311,-0.01150628,0.7627396,0.00983169,0.6946822,0.014026487,0.69952744,0.016296377,0.7825751,0.0022937667,0.8568508
1,0.029820647,0.52480686,0.02248868,0.87107074,-0.0011183037,0.6616289,0.011640215,0.756485,0.009915401,0.7029524,0.010985021,0.70492095,-0.0031688085,0.78794783,0.02173886,0.8544048
2,0.031951934,0.53686625,-0.029325793,0.883294,0.005085762,0.66159695,-0.019175444,0.76004815,0.014101146,0.710031,-0.006841084,0.7084295,-0.014964611,0.7902863,-0.010078502,0.8662647
3,-0.0026603348,0.54709756,-0.012083791,0.8645206,0.011147826,0.66603154,-0.007820371,0.75394017,-0.004928283,0.7092106,-0.005267253,0.70681804,0.017850574,0.7915346,-0.00226263,0.86637616
4,0.002667431,0.550497,0.0030572913,0.8555346,0.009159446,0.6758137,0.0049261064,0.75893664,0.0008843029,0.71240956,-0.011405141,0.70510304,0.026491784,0.7959644,-0.027210442,0.86558974
5,0.023221463,0.554314,0.018292682,0.84837335,0.0010087145,0.67743045,0.02254925,0.75169003,0.009720966,0.7080585,0.014833306,0.69909376,-0.11686705,0.8118412,0.018648133,0.8533402
6,0.006856804,0.56575423,0.010479767,0.86306006,0.005372567,0.6789213,0.019175444,0.7664042,0.009451689,0.72463745,0.0,0.6936475,0.033546604,0.7641133,0.019450344,0.861018
7,-0.011270773,0.5708402,-0.034074407,0.8612102,-0.00417531,0.67935234,-0.024459599,0.7680324,0.0012147503,0.7289059,-0.014414482,0.689153,-0.01473496,0.7679398,-0.029180441,0.86964035
8,0.0037997505,0.5677304,0.0092024505,0.843927,-0.001760213,0.68394345,0.0067500053,0.7573942,0.0005184272,0.7326803,0.039341833,0.6903326,-0.0062653515,0.7694435,0.0,0.8528462
9,-0.0066235955,0.5741853,-0.015197125,0.84475833,0.008064382,0.6834907,-0.02586176,0.7631221,-0.0008654032,0.73611224,-0.016250094,0.7036935,-0.022370799,0.7574863,-0.035838813,0.8484157
10,0.00095179764,0.5735891,-0.006173652,0.81958985,-8.377512e-05,0.696284,0.016715508,0.7476337,-0.0025983774,0.7348073,0.011280983,0.7022964,0.008944867,0.74718213,0.009592976,0.81226623
11,0.0014280971,0.57526326,0.0015536178,0.8217171,-0.0017507578,0.6868536,-0.016440693,0.74760044,-0.002432341,0.73357236,-0.00039912283,0.69765306,-0.00041296426,0.7384338,0.0035626243,0.8131751
12,-0.0009512923,0.57711697,0.013953476,0.8128512,0.0018377574,0.6908841,0.0,0.7383084,0.00052260875,0.7386329,-0.009565214,0.6959188,0.0,0.7330974,0.022484941,0.8187564
13,0.008323231,0.58048755,0.0030572913,0.8360703,0.00066669943,0.6907437,-0.010816684,0.7439416,0.0106166005,0.7365129,-0.0016098644,0.6960283,-0.00453753,0.7268065,0.0,0.83301955
14,0.03537798,0.58205026,0.033537325,0.8366859,-0.0009172382,0.69253904,0.030815607,0.7432719,0.006888741,0.73897874,0.014912818,0.6933883,-0.008496118,0.72894466,0.025463525,0.8272277
15,0.023689782,0.5938498,0.02212381,0.86424303,0.01592136,0.6892618,0.05014433,0.7535804,0.009405298,0.7468765,-0.0027795965,0.70735687,0.003135826,0.7213348,0.03498826,0.8458775
16,-0.008677301,0.6006377,0.0057716523,0.877207,0.00049162237,0.69497085,-0.008263942,0.7824837,-0.0018627095,0.74922454,-0.009159961,0.7010521,-0.016666835,0.72637576,-0.0043623447,0.8591607
17,-0.0029188576,0.5978125,0.0043041594,0.8831453,8.24424e-05,0.6992909,0.013888884,0.77697974,0.0010175302,0.7512502,-0.00200915,0.6962221,0.04682181,0.71650064,-0.012047361,0.86186093
18,-0.011031435,0.59922427,-0.03142815,0.90115434,-0.0026245015,0.69663423,-0.024657229,0.7967909,-0.0028821311,0.7432781,0.002416658,0.69567066,0.009107725,0.72528666,-0.0077605294,0.8575522
19,0.003187547,0.5973734,0.0014745679,0.875524,-0.0023009703,0.69678247,-0.012172506,0.7620163,0.0032316234,0.7470224,0.0036156185,0.68765724,0.021961058,0.72558194,0.0078212265,0.8523282
20,-0.006579831,0.5998515,-0.0014723968,0.8776751,0.060980342,0.69222885,0.0018954254,0.7551049,0.001695009,0.74277174,0.0060047396,0.69128686,0.0018647759,0.7399794,-0.001109312,0.858851
21,-0.0020556236,0.59893215,-0.011799758,0.87627256,-0.0017083328,0.72611505,-0.010407273,0.7493545,0.0025382112,0.7495735,0.023478357,0.70482475,-0.0021545084,0.74397904,-0.004439812,0.86305803
22,0.0004573814,0.5989693,0.014924938,0.8721255,0.0042781406,0.7267393,0.0019130578,0.7594634,0.0052327653,0.7507531,0.02138436,0.7202142,0.009225949,0.7413861,0.034560382,0.8700765
23,0.016242793,0.60348284,-0.0117639275,0.8817955,0.009374501,0.73222786,-0.015267709,0.7601961,-0.00016839332,0.7584771,0.024742322,0.7476029,-0.0068080095,0.75375843,-0.0053877523,0.8837018
24,-0.0011246142,0.6100379,0.011903965,0.87664783,0.009517461,0.7339677,-0.0009694652,0.75344396,-0.002854618,0.7553684,-0.004085931,0.75639486,-0.008617902,0.74850154,-0.010834997,0.8821423
25,0.01577604,0.6137094,-0.0014701653,0.88131535,0.0038777136,0.7448202,-0.016004004,0.7575814,0.0062323706,0.76170266,-0.010071305,0.7701795,-0.013432856,0.760671,-0.013143308,0.87943053
26,0.00022164026,0.619215,0.0117823845,0.8795738,0.0028777388,0.74350125,0.018236756,0.74163854,0.0036819235,0.7651086,0.013188396,0.7588941,0.0070084054,0.753267,0.02441792,0.87666893
27,-0.001109788,0.62257046,0.0,0.8854878,-0.0022652338,0.7499364,0.004840268,0.7583459,0.004336216,0.76767164,0.01673466,0.76637876,-0.0005967673,0.763129,0.0064998902,0.8864042
28,0.009549046,0.6196491,0.01892242,0.8778732,0.008854668,0.7487323,0.020230418,0.75078917,0.0033220206,0.7692571,-0.0058528287,0.76923674,-0.017508734,0.75720423,0.017222874,0.8864149
29,-0.0096784625,0.62017226,-0.015714627,0.8877591,0.012978999,0.75297225,-0.012275964,0.75750595,0.00016473165,0.77061677,-0.0062546367,0.76889706,-0.005872436,0.76029575,0.0074074096,0.89351624
30,0.013994689,0.61907697,0.0043541365,0.8780212,0.003629974,0.7617591,0.04015399,0.7464852,0.0062889922,0.7729053,-0.01777055,0.76978743,0.00061127415,0.75100046,0.00630298,0.89599144
31,-0.010734193,0.6222459,0.010116307,0.882725,-0.0012186125,0.7601235,-0.007353236,0.7668122,-0.0018091828,0.7756071,0.0052763047,0.76104295,-0.0014250313,0.7506929,0.013569246,0.90553164
32,-0.0013291166,0.620047,-0.017167306,0.8828549,0.0027709915,0.7612458,-0.005556006,0.75690866,-0.0018124619,0.7716979,-0.0063742422,0.75875103,0.012435655,0.7456598,0.004119744,0.9074808
33,0.008869646,0.6249235,0.008733552,0.88208926,0.007221264,0.76309496,-0.0074490937,0.76374936,0.0077570537,0.77159345,0.0026424804,0.76167643,0.009262816,0.74674416,0.0041028415,0.9163495
34,0.010550039,0.6294433,-0.007215352,0.89320415,0.0029988019,0.76536936,0.004690434,0.7622835,0.0042580976,0.775961,-0.012420669,0.7590646,-0.006384446,0.74365723,0.0051070834,0.9220066
35,-0.012397166,0.6375042,-0.07122043,0.8915745,-0.004230238,0.7655285,0.045752414,0.7704244,0.0011411487,0.7779083,-0.02934431,0.7578544,-0.010842884,0.7333143,0.0,0.9287464
36,0.0030835602,0.6366156,0.079812,0.8526087,0.0009526809,0.7668072,0.007143073,0.80866283,-0.0060260086,0.7781599,0.0060858806,0.7459384,0.009947272,0.739649,-0.009146449,0.93563
37,0.0035112586,0.63650984,-0.010145623,0.88292545,0.0019757268,0.77048564,0.01861629,0.81983286,-0.0031141278,0.7748486,0.017756255,0.744349,0.027134918,0.7438713,0.0041028415,0.9306729
38,-0.0010929713,0.6355063,-0.014640868,0.8881772,0.00043758802,0.76972324,-0.010443654,0.8248025,-0.0034523273,0.77884173,-0.015721831,0.7406069,-0.02446226,0.76380634,-0.013279238,0.93116
39,0.012702926,0.63356274,0.04903409,0.8779734,0.020440163,0.77179325,0.016710142,0.81757385,0.009568145,0.7783265,-0.051810898,0.7389253,0.010633114,0.75106245,-0.0062105614,0.92876774
40,-0.006488671,0.6426215,0.007082494,0.9020983,-0.0059381463,0.77757984,-0.01211024,0.83305997,-0.013889671,0.7865303,-0.056285456,0.72054106,-0.011711225,0.76685417,-0.034375772,0.9305013
41,-0.0006524236,0.6346756,-0.007032685,0.911919,0.0059013492,0.7787837,-0.004378284,0.823887,0.0,0.7787458,-0.0069663166,0.69995075,-0.010644563,0.75292104,0.012945863,0.9174226
42,-0.0058808536,0.6328138,-0.014163959,0.8883785,-0.0031483355,0.7788228,-0.009675012,0.82045376,0.0004973226,0.77620506,-0.012275066,0.688572,0.004263105,0.7554097,0.008519236,0.9152582
43,0.0019719445,0.6298379,0.0028728652,0.8864042,0.0012926229,0.7817056,-0.02131389,0.8212915,0.0029809824,0.773742,-0.0017756384,0.6841139,0.00020179202,0.7602884,-0.011615914,0.9160335
44,0.0054669273,0.633657,-0.0014323178,0.8952238,-0.0037276244,0.7819839,-0.011797028,0.81250966,-0.0023109396,0.77341735,-0.005336298,0.67841226,-0.007881767,0.75784534,-0.014957206,0.9108885
45,-0.0008708108,0.6343761,0.0028697872,0.8901661,-0.0023012906,0.7841662,-0.0045912946,0.81240445,-0.0052966136,0.768796,0.005364927,0.67189664,-0.0040745954,0.75423044,-0.0021693774,0.9031547
46,0.0008715698,0.6362177,0.012875528,0.8970622,0.003316924,0.7837176,0.0018447185,0.8011267,0.0076534436,0.7649851,0.0062256963,0.6662139,0.002761501,0.74210835,-0.004346997,0.8931889
47,0.012831673,0.64322126,-0.0014120863,0.9113232,0.00043063753,0.78697735,-0.008286772,0.81338996,0.012384166,0.7710145,0.007953308,0.66487634,0.0031610627,0.74682736,0.014191481,0.89336747
48,-0.004295532,0.6474158,0.0,0.91492283,-0.0015091484,0.7851504,-0.0037134914,0.79592174,-0.0030981062,0.7774689,0.0035075932,0.65571135,-0.009150243,0.731736,0.0010770069,0.8908115
49,-0.0017253815,0.6553481,0.024044488,0.91616225,0.010576378,0.78859526,0.008387162,0.80410653,0.020614378,0.7817499,0.0052430453,0.65274835,0.0030791974,0.7144986,0.0064509665,0.89675456
50,0.0069132666,0.64734876,0.009669175,0.92321813,0.0016374842,0.79235,-0.006469275,0.79286355,0.008657498,0.79525214,-0.01086523,0.65401405,0.0030683659,0.72463685,0.019231066,0.8964451
51,-0.0004287279,0.65252954,0.012311891,0.9291286,-0.004974458,0.7938668,0.017673884,0.786593,0.00031756048,0.8078992,0.02767919,0.6472865,0.0061192536,0.7300659,-0.0010477626,0.90651715
52,0.0038633782,0.64701456,-0.008108101,0.9335828,0.010499614,0.7932091,-0.027422234,0.7828251,0.010327234,0.8075233,-0.019238794,0.6498768,-0.0034463906,0.7379678,-0.006296362,0.90508074
53,-0.021381645,0.6539213,-0.021799006,0.93825,-0.011451981,0.8006719,-0.034774136,0.7747439,-0.010851351,0.8135979,-0.020923296,0.6484687,-0.028682847,0.73240834,-0.059662223,0.9052134
54,0.0063369614,0.63542515,-0.008356544,0.9169329,0.01129987,0.7991952,0.000974185,0.7645313,0.004770124,0.8075482,-0.0004461296,0.6484741,0.01465977,0.7138606,-0.026390063,0.8868558
55,0.011723306,0.64300996,0.02106741,0.9139151,-0.0035367808,0.80065346,0.006809097,0.76315427,0.00063238124,0.80697036,0.008018757,0.6484266,-0.0074299825,0.7245944,0.0034610222,0.8745985
56,-0.004291276,0.64883786,-0.0027503646,0.9269287,-0.001985999,0.7994512,-0.0057976493,0.76418114,0.0011076849,0.80889964,-0.0057444912,0.6525055,-0.00020758284,0.72702336,0.022987813,0.86988467
57,0.0,0.64930534,-0.033103354,0.9262098,0.001706718,0.7973617,0.007774777,0.7601782,0.00031567804,0.80711144,-0.0013342461,0.64880395,0.00416019,0.7216314,0.0033715796,0.8744298
58,0.003663722,0.652192,-0.007133006,0.9145554,0.02072646,0.7986413,0.028929602,0.76457375,0.002683707,0.8075963,0.014241185,0.64650834,-0.0014499068,0.7285414,0.0044784257,0.8768219
59,0.004508633,0.65833545,0.004310342,0.91404516,0.002225715,0.8129164,0.0178064,0.7772541,0.00015799208,0.80886114,-0.006581765,0.649253,0.009955456,0.7300852,-0.0100324135,0.8728045
60,-0.0034204253,0.65548736,0.008583685,0.9050455,-0.0013195038,0.8163591,0.024862863,0.7831337,-0.004093834,0.8056788,0.025617981,0.6451803,-0.007393358,0.7283634,0.0450447,0.86636454
61,-0.0045038015,0.6446788,0.0028372211,0.9120461,-0.001875933,0.8149092,-0.0035946195,0.79074585,-0.0049010864,0.80199486,-0.018518211,0.64961874,0.0035177025,0.7228013,-0.006465985,0.8783828
62,0.0004305752,0.6502234,-0.028288793,0.91226023,0.0002785223,0.81894773,-0.032460876,0.7920911,0.0073081767,0.80109406,-0.012723952,0.6433519,0.0012375027,0.73014086,-0.021691266,0.8760245
63,-0.0043069883,0.6419693,0.011644053,0.8948438,0.0074469526,0.81387013,0.0074546654,0.774905,-0.0014189407,0.7976661,-0.02222302,0.63859236,-0.024094656,0.7181316,0.005543052,0.86230326
64,0.0032434384,0.63819325,-0.015826577,0.89250326,-0.0051811766,0.8256756,-0.008325101,0.77790415,-0.0004739966,0.79896224,-0.0045459443,0.62719405,-0.002110424,0.7084673,-0.025358368,0.8689371
65,-0.0021557703,0.63643473,0.0058475286,0.8836565,-0.0025000689,0.81644255,0.0074629136,0.76994187,-0.00094859034,0.7934135,0.053882323,0.6238783,0.00063462555,0.70337594,0.011311842,0.8605467
66,0.0034573793,0.63626474,-0.0029073278,0.8870943,-0.0022265697,0.81645876,-0.002778003,0.77200824,-0.0012654709,0.793106,0.0082322955,0.636053,0.0023244228,0.70817703,-0.00782998,0.86394584
67,0.016580438,0.64780504,0.0029158052,0.88125885,-0.0011864895,0.8140934,0.036211167,0.7831757,-0.004434279,0.79262275,0.0,0.6426355,-0.00042085926,0.7140775,0.006764866,0.8647573
68,-0.008896504,0.66086453,0.024709648,0.8885404,-0.010756391,0.8149458,-0.0026872256,0.8000833,-0.0042956923,0.78876275,-0.0038672388,0.64495784,0.0080153365,0.7121424,0.005598918,0.8732062
69,0.0008556437,0.6645331,-0.026951024,0.89820874,0.0012008153,0.80895674,-0.0071879965,0.8076087,0.0043142247,0.78942907,-0.032787375,0.6429516,-0.015485598,0.7230932,-0.020044843,0.8747605
70,0.0014935437,0.6524478,-0.010203662,0.88723844,-0.005289622,0.804457,-0.024434088,0.807163,-0.0011131916,0.7859088,-0.016949369,0.6377337,-0.011476558,0.70722777,-0.018181872,0.8683102
71,0.010448112,0.65409225,0.02061884,0.87910575,0.0055301543,0.8042989,0.019479677,0.7950989,0.0050954293,0.7876495,0.0018150202,0.62655514,0.020425508,0.70635873,0.015046733,0.8553413
72,0.0035871887,0.6692302,-0.0014436996,0.885002,-0.0044423053,0.8001935,0.0,0.7924875,-0.011883778,0.79449666,0.019022193,0.6253697,0.0004220138,0.7088948,-0.005701065,0.8489334
73,-0.011773648,0.6703244,0.008670521,0.89137965,-0.0036820848,0.79937285,0.016378826,0.79386336,-0.0046505486,0.78699756,0.010221023,0.6299194,0.011582859,0.70929456,0.021788726,0.8477384
74,0.01425388,0.6519178,0.027221326,0.88679194,0.012510158,0.79119045,0.025067361,0.8008656,0.011922539,0.7833991,0.025077377,0.62664384,0.016448686,0.7134155,0.026935587,0.8436628
75,-0.0031453753,0.6644529,0.009762494,0.9129936,-0.0011939867,0.803021,0.0,0.81612337,0.001273731,0.79407096,0.016737662,0.64167815,0.0014337889,0.7259258,0.012022157,0.86346465
76,0.01325687,0.65961885,0.015193701,0.91455543,0.009630209,0.7969906,0.020087544,0.8138758,0.008268385,0.79623264,0.013930669,0.6506505,0.008181071,0.730296,0.024838127,0.86704856
77,0.005192166,0.68093276,0.006803047,0.92426574,0.0061961333,0.81189525,0.0008554674,0.83242285,0.011827546,0.80854326,0.0062447283,0.6686049,-0.0071008317,0.7379714,0.0010532186,0.8883632
78,-0.0028930684,0.67622674,0.0067560347,0.93486154,-0.005881132,0.8132321,0.016253838,0.83105874,0.00015629399,0.8189954,0.0037233252,0.6640607,0.005517362,0.73616177,0.03578982,0.8877442
79,0.0020733227,0.67784345,0.0013429929,0.9310397,0.00076540874,0.8158377,0.0067331134,0.8490355,0.001090466,0.83323455,0.018137379,0.67060715,0.002844933,0.74877995,-0.019308716,0.9120537
80,-0.003102021,0.6728424,-0.017426908,0.942425,-0.0009731791,0.81364036,-0.030099668,0.85478264,-0.00046713473,0.826459,-0.004858838,0.69110703,-0.08753752,0.7504188,-0.02383424,0.9127491
81,0.008297466,0.6729158,0.02182876,0.9334135,0.020396704,0.8186511,-0.001723857,0.8475153,0.0032705984,0.8339487,0.0069162333,0.6974988,0.017987808,0.7126954,0.00530768,0.90769976
82,0.009873536,0.6750353,0.0013347283,0.940726,0.006344756,0.84025615,-0.0017280985,0.842367,0.0065198005,0.83591706,0.0012129522,0.6968677,0.019197049,0.70464134,-0.011615914,0.9086026
83,-0.011203205,0.68240005,-0.007999935,0.94824415,-0.0030514316,0.8542949,-0.07698909,0.84697783,-0.0035469772,0.8458712,-0.0016144115,0.69943035,0.0115576135,0.7223392,0.0021369297,0.91078514
84,-0.0018540423,0.67623794,0.0013436987,0.9481178,-0.0036036514,0.8536196,-0.010309735,0.82258594,-0.007120435,0.8381911,0.0040411204,0.69919336,0.0029623194,0.7280866,0.005330316,0.91012573
85,0.00082480174,0.67283994,-0.026844922,0.95002234,0.01658367,0.83896995,-0.0104159005,0.819872,0.0018713799,0.8315022,0.004429501,0.70767957,0.0059072236,0.73198056,-0.0031810517,0.91565925
86,0.0074239112,0.67328095,0.017930685,0.939797,0.027188446,0.8542206,0.0028710458,0.81703633,0.0040454236,0.82649237,0.0036068389,0.70780504,0.004195011,0.73102003,0.003191203,0.91604435
87,0.013102041,0.6747533,0.0027103538,0.94118536,0.006405266,0.86293936,-0.0009547413,0.80666155,0.0120872995,0.83078945,0.0055902703,0.7108151,0.0027155485,0.7270491,-0.009544123,0.90706265
88,-0.001818453,0.6831945,-0.012162152,0.94458926,-0.00474046,0.8695988,-0.020057771,0.7990157,0.0035214513,0.83883446,0.04249513,0.71205044,0.01666337,0.72487986,-0.002140398,0.9057432
89,0.0058698114,0.68758637,0.00547162,0.9402895,0.004502032,0.85766387,-0.0038980818,0.7825802,0.0035090942,0.84595263,-0.009524154,0.72447336,-0.0010251221,0.7324312,-0.030043887,0.89940345
90,-0.00080430723,0.6854876,-0.012244891,0.9370413,0.013965238,0.8575639,-0.030333234,0.76913404,0.0025854239,0.8455012,-0.00038530718,0.7222973,-0.028712133,0.72734725,-0.012167303,0.88933307
91,0.0042288573,0.6853133,0.008264458,0.93019295,-0.0025628563,0.86548764,-0.003026097,0.7508403,0.0074307746,0.84407645,-0.031934097,0.7239711,0.0156247895,0.7227442,0.016796753,0.8761292
92,0.022061868,0.68417317,0.0013657885,0.9242839,-0.0014772061,0.8641718,0.005060725,0.74303764,-0.0009035396,0.84331614,0.015897129,0.70995265,-0.00041499708,0.7247337,0.012114838,0.8780126
93,-0.0257058,0.69611496,-0.032742087,0.93030685,-0.03357479,0.86543137,-0.07150094,0.7374937,-0.014313129,0.8417874,-0.037949175,0.7201926,-0.022046212,0.73043495,-0.05005457,0.8823333
94,-0.00040247734,0.6878799,0.0014111202,0.92170435,0.015240476,0.85423577,-0.0010852161,0.72216207,0.0012229852,0.8336321,-0.018707318,0.7122282,-0.009784234,0.7276477,0.0068733515,0.8661235
95,0.011081298,0.6857174,0.03239359,0.9186376,0.0034095254,0.8608819,0.0325733,0.71753836,0.0140449405,0.82884926,0.019477736,0.7120477,0.013316575,0.7275687,0.0,0.86365175
96,0.009366943,0.69376165,0.0040927683,0.9344016,0.0060761427,0.864401,0.018927708,0.7171888,0.0030119957,0.84054774,0.005284384,0.7127912,0.013989182,0.73255676,0.010239024,0.86287695
97,-0.006712691,0.7000212,-0.004076086,0.9379063,-0.0012337707,0.86572564,0.006192539,0.7119311,-0.0049542766,0.84304917,0.0060654446,0.71561193,0.0058528064,0.7232497,0.019143695,0.8622459
98,0.00019855541,0.69593364,0.0068216114,0.9378777,-0.002990771,0.8641717,-0.0020510308,0.71289545,0.00286656,0.8437203,-0.0040183,0.71639293,0.011637582,0.740516,0.0,0.8695086
99,0.0055639767,0.7007266,-0.012195115,0.9463149,0.0034560615,0.86382616,0.028775787,0.7145836,0.0093258545,0.84663343,0.008474734,0.71603096,0.0057518943,0.73630255,-0.0033145521,0.8719601
100,0.0013836412,0.6989987,0.002743815,0.9391329,-0.0016894802,0.86144555,-0.005993196,0.71783966,0.0017891055,0.85028195,-0.0036024854,0.7182588,0.011437918,0.74436736,-0.0077605294,0.87048817
101,-0.00217048,0.6999269,-0.010944234,0.93753535,0.00039014005,0.85828835,-0.014071164,0.71924967,-0.0025296516,0.8502652,-0.012449055,0.7127271,0.0046451823,0.74858636,-0.017877137,0.8646929
102,-0.0047470974,0.70144,0.000691395,0.9353214,-0.005921322,0.8602698,-0.0071352473,0.7146844,-0.0043252525,0.85104644,-0.023586448,0.71080667,-0.027136272,0.74894613,-0.013652862,0.8573256
103,0.006558198,0.6976977,0.015895117,0.9411557,0.0027492708,0.85650414,0.03490835,0.70937467,0.009286743,0.8496264,0.018741975,0.69538915,0.019834153,0.72776175,0.01614877,0.8506869
104,-0.0009877435,0.70286554,0.014966307,0.9479086,0.014818937,0.85940605,0.029761886,0.7208374,0.0059369174,0.8558037,0.002451847,0.70098686,0.02775648,0.7556286,0.003404914,0.86218435
105,0.0,0.7005594,-0.010724176,0.9605614,-0.00977848,0.8620865,0.010596512,0.7277569,-0.0013271784,0.8545843,-0.0048930626,0.7041248,-0.0055194567,0.76415014,-0.00339336,0.86098516
106,-0.0019760658,0.7000811,-0.009484761,0.9501536,0.0033787368,0.8615065,-0.010485403,0.7311135,0.0022156625,0.8556803,0.010655391,0.6998696,-0.0010907733,0.770311,-0.0034060192,0.8541565
107,0.0009893005,0.69632983,-0.012311828,0.947031,0.005956438,0.86684567,0.0067434986,0.73340803,-0.0010314743,0.85920775,-0.016220905,0.70764816,0.011608741,0.76570755,0.015945267,0.8544326
108,0.1020775,0.69699585,0.018005125,0.9336722,-0.0024456251,0.8709288,0.004784687,0.74133855,0.009443235,0.86123043,0.007420404,0.7001997,-0.010004539,0.7714164,0.0347541,0.8570159
109,-0.030335765,0.74805355,0.021768304,0.94077426,-0.03877644,0.8759061,0.019047534,0.7463092,-0.008186522,0.86216867,-0.0028651217,0.7112631,0.027144678,0.7564031,0.067171335,0.87021524
110,-0.016659703,0.7374245,-0.006657083,0.9627669,-0.023896152,0.8515883,-0.007476861,0.7454148,-0.007073807,0.8598579,-0.0069758324,0.69499755,-0.010994972,0.7721404,-0.017258497,0.90108085
111,-0.02108548,0.7332447,0.017425872,0.9661045,0.008046058,0.8442644,0.008474039,0.7537248,0.00667988,0.85694444,0.0111575145,0.699726,0.0078012976,0.7758785,-0.0041325106,0.90519726
112,0.012116259,0.7173918,0.0039525675,0.9847107,-0.009755148,0.8375095,-0.008402834,0.75933135,-0.0011797063,0.85921186,-0.008172788,0.69622827,0.0021299627,0.77540636,0.0,0.89734083
113,-0.0009505839,0.72808915,-0.011811018,0.97372514,-0.0059940424,0.83149594,-0.0056501767,0.7630539,-0.009448522,0.8589126,0.020189539,0.69673043,-0.0038628406,0.77793187,0.004149659,0.90141743
114,0.0,0.725999,-0.0092957625,0.9598002,-0.014000062,0.8229515,-0.008522268,0.76283324,0.0011923658,0.8525872,0.024232361,0.7021092,-0.013959445,0.7754564,-0.0123965265,0.902707
115,0.03575485,0.7307893,-0.0013411917,0.95106804,0.028608201,0.8165154,-0.008595444,0.7608335,0.011015657,0.85104674,0.0019711207,0.7189471,0.01356699,0.7651944,-0.0052299527,0.9013652
116,-0.01193453,0.73749876,-0.010737542,0.94995224,-0.0090889465,0.82069665,-0.01926781,0.7579177,-0.010159558,0.85898584,0.014167831,0.718149,-0.0077589243,0.77348566,-0.010515986,0.9031613
117,0.023787297,0.7342373,-0.01899624,0.9438029,0.005930995,0.81574106,-0.011788851,0.7581589,0.0023800507,0.85091525,0.009701559,0.73103213,0.006646207,0.77357376,-0.013814396,0.90849525
118,-0.009620296,0.7456131,-0.0013827272,0.92023695,-0.0016455986,0.8169327,0.010934964,0.748718,0.004154627,0.8517707,0.010377081,0.74946713,0.0046613356,0.7752858,-0.006465985,0.9025262
119,0.0031158559,0.735186,0.0027693466,0.92300695,0.004464383,0.8160075,0.002950092,0.7456358,0.0022174928,0.85174704,0.0011405493,0.746367,0.015658058,0.7772044,0.0065080663,0.9022535
120,-0.007674104,0.7423786,-0.0041436455,0.9288853,-0.003145742,0.82089865,0.013724926,0.7466795,0.008699112,0.854621,-0.013677981,0.75252527,0.0076139346,0.7851492,-0.0010782325,0.9013401
121,-0.012336784,0.73992133,-0.011094963,0.9295566,-0.014331729,0.8175353,-0.015473103,0.75405955,-0.009940206,0.8613597,-0.020030254,0.74637043,0.0032113804,0.7919192,0.015102424,0.8963756
122,0.024421535,0.7311742,0.018232398,0.91029596,0.014609984,0.8077196,0.014734765,0.73550946,0.002510605,0.8492102,0.01650851,0.73084307,0.011672972,0.7892454,0.02337997,0.8944107
123,-0.011828104,0.7347723,0.002755153,0.9200435,-0.014742848,0.8156686,-0.012584933,0.7453046,-0.010898841,0.8532876,-0.026681617,0.73704726,-0.019542148,0.79729056,0.012460825,0.90020084
124,0.0033147405,0.7350791,0.012362626,0.91749096,0.0023661214,0.8128846,0.02254925,0.7412096,0.004318167,0.8490139,-0.0011913844,0.7273497,0.0064544645,0.78151286,-0.011282268,0.9008673
125,-0.0005515092,0.7403308,0.0040705525,0.92490536,-0.003609987,0.8122992,0.05081383,0.74153125,0.0026685195,0.8565927,0.0007956466,0.72105485,0.011694064,0.7819051,0.022822084,0.8959395
126,0.021487916,0.7292082,0.0013510229,0.92365485,0.0041106753,0.80311304,-0.0018245956,0.7566962,-0.000592063,0.852408,0.0043718307,0.7124682,-0.0057794466,0.78942126,-0.0050708265,0.9079694
127,-0.019597461,0.7483399,-0.012145742,0.92432773,-0.009437632,0.8073406,0.004570385,0.7561795,-0.012131387,0.8561635,-0.008706924,0.7127032,-0.019126037,0.79062146,-0.0030588212,0.91001534
128,0.00036773455,0.7319032,0.016393434,0.9222004,0.010158509,0.8010329,0.0018196146,0.76737016,0.0032942663,0.8384654,0.0015970122,0.7035624,0.0055435053,0.7838861,0.0061353547,0.91648114
129,0.004581724,0.75036174,0.0013436987,0.9384525,0.0061032013,0.8100945,0.021799114,0.78175807,0.006717776,0.8421655,-0.002789566,0.70718884,-0.007795031,0.7995381,-0.022357162,0.93383735
130,0.008212599,0.7560915,0.0013429929,0.9522879,0.0032402724,0.81343454,0.031999197,0.8113681,0.010231873,0.85400546,0.011990276,0.7105351,0.0049825055,0.807615,-0.0062374556,0.9425094
131,0.019728692,0.76437366,0.0067016967,0.9558238,0.0014435783,0.8088759,-0.008613269,0.8262154,0.017613433,0.8585142,0.0059241066,0.7160399,0.0026691908,0.80625093,-0.012552129,0.9384455
132,0.0021294262,0.76462114,0.0,0.9614778,0.013928444,0.811218,-0.009556134,0.8308017,0.0028843575,0.89431554,-0.009422503,0.7196627,-0.01939516,0.8070056,0.0010588614,0.9329731
133,0.013637896,0.76700515,-0.0013312352,0.96127963,0.008594294,0.8133122,0.020175647,0.82308424,0.010643343,0.89649117,0.0023783431,0.7126249,0.0029083127,0.7872909,-0.010581665,0.9273234
134,0.0048921797,0.77263874,0.003999998,0.9628053,0.0034895923,0.82157594,0.012897672,0.8303894,-0.0059770215,0.90301687,0.020957103,0.7161571,0.00792766,0.78112257,0.002139214,0.92107457
135,0.016867312,0.77209014,-0.0132798245,0.9617956,0.0034762633,0.8176635,-0.0042444803,0.83352005,0.003722185,0.8798194,-0.022850914,0.7289548,-0.02225317,0.7794363,-0.0010678759,0.9167277
136,-0.0020526925,0.7928614,0.010766437,0.9586898,0.006263707,0.8334481,-0.0042625726,0.83592314,0.0072738,0.88932556,0.0063409796,0.7298554,-0.002746698,0.77307326,0.0064107236,0.9111311
137,0.0015420716,0.79483926,-0.0013312352,0.95877373,-0.0045034233,0.83419967,-0.01113041,0.84189665,-0.0015578656,0.9024059,-0.0003932487,0.7323084,0.01888729,0.76502275,0.0010611096,0.9068316
138,-0.0049609737,0.80012345,-0.0053329472,0.95964396,-0.00046535506,0.83978885,0.0,0.8388062,0.0,0.8971501,-0.0047286563,0.7371969,-0.012357298,0.7760172,-0.0042410367,0.9071604
139,-0.00017183076,0.79535186,-0.05630016,0.95315105,0.012111715,0.83942723,0.010389397,0.8482268,0.0055310866,0.8992885,0.0043545277,0.74354696,0.0043007466,0.7734135,0.0031946,0.8996942
140,-0.0013757794,0.7959002,-0.0056825005,0.90209484,0.0042735827,0.84924585,0.009426367,0.84301925,-0.0012687754,0.9012742,0.0015767863,0.73282236,0.008370253,0.7671842,0.002123253,0.8982649
141,0.014293338,0.79345906,-0.017142853,0.8991355,0.0047135083,0.8556988,-0.007640755,0.8488165,0.0059315083,0.8986184,-0.00747743,0.74634844,-0.010424165,0.7791749,-0.026483204,0.9003046
142,-0.007980187,0.8092478,-0.014534461,0.89310116,-0.018896462,0.85678697,-0.008554322,0.85441196,-0.006739185,0.8994065,-0.0091186855,0.7351765,0.014045349,0.78257924,0.0043528504,0.8988561
143,0.013178091,0.8080182,-0.0029502076,0.8875796,-0.007040938,0.84940565,0.01725619,0.85246634,-0.00070663355,0.89714694,-0.0108047,0.72854096,-0.083877854,0.79072195,-0.008668036,0.89696616
144,-0.0135129765,0.80797184,0.0,0.88763267,-0.0051504765,0.8432053,0.00763428,0.85684574,0.0019806204,0.8930022,-0.0052588135,0.7072448,-0.013020141,0.7447139,0.0010935522,0.8968904
145,0.0017120644,0.8057439,0.004437868,0.8864983,0.008875443,0.84530765,0.0067331134,0.86083,0.0057873735,0.9001346,0.011386587,0.691707,-0.019787854,0.7315593,0.016375,0.8938856
146,-0.014359109,0.7971425,-0.005890657,0.88123494,0.047250587,0.8442314,0.117057934,0.857793,-0.00042117518,0.8956716,-0.000402898,0.6883016,-0.003038837,0.71827006,-0.01611118,0.89780855
147,0.008498374,0.7932002,-0.0014822654,0.8764073,-0.009990718,0.8686178,-0.023952875,0.89171857,-0.005054592,0.88988954,0.0056321793,0.7063073,0.0071856882,0.7170377,-0.007641853,0.8898851
148,0.0061906334,0.7945285,0.044511467,0.8727378,0.005270051,0.863978,0.007668714,0.8968856,0.0046567116,0.89128214,0.0155995805,0.70543444,0.006701462,0.7156496,0.017601801,0.88489646
149,0.025978535,0.7985954,-0.0071026096,0.88038266,0.015474979,0.86789626,-0.00076041603,0.903893,0.004354457,0.9027657,0.01299793,0.72436213,-0.003436286,0.72098464,-0.019459678,0.88481206
150,-0.0028318649,0.80258876,-0.0014313073,0.8789314,0.007996909,0.8721962,-0.02513346,0.90303457,0.0015386922,0.89801013,-0.01594059,0.7232916,0.004739914,0.7041421,0.0066145523,0.86991686
151,-0.0015034289,0.80357325,-0.031518213,0.8797569,0.0061212573,0.88802725,-0.01640663,0.9070396,-0.009076892,0.8941898,-0.09047866,0.72004807,-0.006432764,0.7061998,-0.017524768,0.87152416
152,-0.029111004,0.8064938,-0.011834674,0.874015,-0.035638656,0.8885647,-0.021445403,0.9017788,-0.025366548,0.8869356,-0.024326168,0.6527909,-0.011656357,0.6970982,-0.026755434,0.8617166
153,-0.0018964688,0.7944763,-0.008982035,0.8706546,0.013906722,0.872431,-0.015421617,0.9087282,0.0011568499,0.8779446,-0.0044528362,0.6532628,0.018782007,0.6917559,-0.009163307,0.84948015
154,0.016401699,0.7965529,0.01812682,0.8648257,0.0150500145,0.8783522,0.023907188,0.903133,0.011987116,0.8815157,-0.008049442,0.642368,0.007716666,0.69641984,0.042774603,0.8410244
155,0.019026019,0.7975605,-0.029672738,0.86970985,0.010947056,0.88402826,0.012077295,0.90496796,-0.0012838043,0.8844115,-0.024797363,0.64465404,-0.0080836285,0.69185907,-0.005544199,0.85986376
156,0.011000885,0.814884,-0.009174304,0.86504066,-0.004022089,0.8965216,-0.0107397605,0.9096696,0.010288241,0.8811157,0.0013863678,0.6401589,0.013510668,0.6915509,0.0033452688,0.8597722
157,0.02555738,0.815723,-0.023148129,0.86049175,-0.019198619,0.8887485,-0.026939925,0.89613384,-0.01258861,0.8799196,-0.008309583,0.63491565,0.010157015,0.68955016,-0.03111097,0.8614693
158,0.013986813,0.8352674,0.0,0.8519483,-0.0022797508,0.8883055,0.020661153,0.9025638,0.0050141104,0.8820545,0.02746626,0.63748133,-0.02534487,0.6968974,-0.00573494,0.8422248
159,0.008403078,0.8393375,0.0015793948,0.8455577,-0.0018418275,0.8852399,0.0008101117,0.89251846,0.0039905966,0.8810216,0.00045391908,0.63701123,0.00021445702,0.70275795,0.002306997,0.8361193
160,0.028616987,0.8460989,0.017350532,0.8333572,0.016348243,0.8818452,0.030743396,0.88573956,0.012918734,0.8870224,-0.01404052,0.6179609,0.011602398,0.7090358,0.0069049215,0.836612
161,0.0061135255,0.8616586,-0.012403466,0.83648795,0.0012507965,0.8914274,-0.0094189,0.90427923,0.0016814234,0.8810547,-0.005971331,0.63372284,-0.0193289,0.68721956,-0.0011422909,0.8353397
162,-0.0048619737,0.87058675,-0.0015694777,0.83159626,-0.0044373577,0.8903282,0.0023773727,0.8845553,0.0046180803,0.89735925,0.009704439,0.62425524,-0.0025984496,0.70272386,0.016018229,0.8390462
163,-0.015113781,0.8695394,0.0,0.824975,0.0037047162,0.88698643,0.0071141734,0.89357245,0.0038994465,0.9032322,-0.012357516,0.6252351,-0.0008684063,0.6923468,0.0,0.8397037
164,-0.0151919415,0.86686254,0.0031438896,0.8219276,0.010071018,0.8847267,0.012559321,0.88990474,-0.0040234854,0.9108869,0.013901717,0.61324584,-0.011085144,0.69783,-0.0033792385,0.84853953
165,-0.005666317,0.85814124,0.0031351757,0.8190305,0.008918376,0.8882653,0.0054261037,0.8977835,-0.002367515,0.90634406,-0.01188272,0.61367095,0.007032713,0.6947424,-0.010169614,0.8446448
166,0.01567234,0.8586602,0.009374996,0.8184321,0.0027002366,0.89510447,0.020817084,0.9053887,0.002932212,0.90863675,-0.0013869137,0.616845,-0.0039281826,0.68921816,-0.0034242824,0.84300816
167,-0.0012469069,0.86102676,0.009287851,0.81930184,0.003979062,0.89737296,0.009064246,0.9238375,0.0033403733,0.90939474,0.0055571003,0.61723626,0.012708794,0.686164,0.009164422,0.83892804
168,-0.000468954,0.86654776,0.0046012253,0.8246512,0.00030514944,0.90898037,0.016466815,0.942854,0.004996017,0.9176603,0.00092135346,0.620639,0.0,0.6820565,0.015890958,0.8415984
169,-0.0029661192,0.86168426,-0.012214106,0.82516104,-0.012008552,0.90609556,-0.023563819,0.9529018,-0.014082723,0.916534,0.01150526,0.6180832,0.00021589543,0.6825471,-0.031285927,0.8454219
170,-0.008455621,0.86596125,0.006183199,0.829802,-0.0010493057,0.90611035,0.00075353385,0.9458559,0.0049006506,0.90845233,-0.011374394,0.6221797,-0.0010808741,0.6835765,-0.012686554,0.83800983
171,0.011054694,0.859221,-0.02150573,0.8320703,-0.0040144525,0.9070422,-0.0022609227,0.94560534,0.0064109755,0.9043075,-0.010583217,0.62280893,-0.016024107,0.67823374,-0.03271013,0.8312961
172,-0.0068726484,0.8592288,0.0,0.82657045,-0.016309228,0.90672374,-0.0098179355,0.9417012,-0.0037389523,0.907501,0.006510712,0.6164535,-0.006383101,0.6738842,0.013284096,0.8159657
173,0.02453561,0.85561365,0.0015694777,0.8274304,0.018092858,0.8986843,0.0015253661,0.94470114,0.013898974,0.9053407,0.010167474,0.61658794,0.0064241067,0.6713491,0.022646984,0.8173983
174,0.003377809,0.85951704,0.0015681573,0.82264596,-0.0039623943,0.9063109,0.022086384,0.9411074,-0.0009603099,0.90714633,0.02241527,0.614157,-0.0013208372,0.6751836,0.008158434,0.8204522
175,0.017748203,0.86063296,0.02034382,0.82520056,-0.007522504,0.90527046,0.00074558094,0.94985676,-0.0043899873,0.914696,0.0022365814,0.6223636,-0.020934114,0.67526495,0.0069357203,0.82601386
176,-0.0066154627,0.86981773,0.0015333702,0.82741475,-0.008580711,0.8979028,-0.017871039,0.9481898,0.00055074156,0.9072088,0.0062491237,0.61943465,-0.0022509329,0.67181844,-0.008036672,0.8242595
177,0.00499408,0.8737539,0.0091883615,0.8348126,0.010108102,0.8881941,-0.0037907518,0.94505465,0.007162519,0.9039371,-0.010647352,0.62889093,-0.0018042005,0.66732866,0.0034718409,0.82433105
178,0.010540334,0.8797571,0.006070538,0.8321194,-0.0075686174,0.8914741,0.0022832914,0.940028,0.008684723,0.9131488,0.0044847885,0.62654847,-0.0040691635,0.6606576,0.0103807505,0.8191734
179,0.0047685164,0.8902243,0.0015079292,0.83625937,0.0003787581,0.8871647,0.0030378238,0.93988055,0.0011527889,0.9236623,-0.014732914,0.6302909,-0.0056725875,0.6592155,0.0045665205,0.8263229
180,-0.007563389,0.89567274,0.0075304825,0.83721745,-0.016757919,0.8862255,0.031793833,0.938291,-0.0059597814,0.92415696,0.038061652,0.61915857,0.023506217,0.6512878,0.025000619,0.8300492
181,-0.004931392,0.8988565,-0.0029898966,0.8393662,-0.017172292,0.8752903,-0.010272055,0.9509535,0.00095442316,0.91826844,-0.004801192,0.6339003,-0.009811145,0.6646553,0.015520992,0.84610456
182,0.011263146,0.8952691,-0.0014988866,0.84604025,-0.009778866,0.85649824,0.0022241117,0.94173366,-0.0074862125,0.91201365,-0.0065788734,0.6327719,0.009682056,0.655485,-0.00873421,0.85873187
183,-0.03534296,0.9053714,0.0030022734,0.8459319,-0.008821852,0.85574806,-0.023668401,0.94280046,-0.018239178,0.9123356,-0.0026492532,0.63433206,-0.0020062216,0.6573695,-0.005506428,0.8607171
184,-0.00785104,0.8900232,0.008981967,0.8501707,0.017203739,0.84869635,-0.011363635,0.93101823,-0.00069834205,0.8958634,0.0030982813,0.63243365,-0.019218573,0.6583336,0.0066450005,0.8624691
185,0.020946583,0.8890577,0.037092708,0.86241794,0.0071167857,0.8586681,0.013026569,0.9353099,-0.000279297,0.898721,0.017210485,0.6346439,0.019138824,0.6507626,0.037402935,0.8655483
186,-0.0033438613,0.8906945,-0.002861575,0.87972224,-0.0061591915,0.8554032,0.017398069,0.9301414,-0.0011186756,0.8966124,0.0017354912,0.6380764,-0.009389704,0.6599115,0.01590726,0.88041353
187,0.010064247,0.8897262,-0.010759812,0.88656604,0.005479891,0.8547336,-0.021560913,0.9519313,0.010918158,0.8945871,-0.0181886,0.64676875,0.0076736007,0.6507768,0.0020877912,0.8950776
188,0.0040759384,0.89043254,0.019578794,0.8802804,-0.002011452,0.85513026,0.02203603,0.9479239,0.0036001015,0.9040433,0.010586281,0.6448354,0.026875364,0.6610919,0.01562448,0.9012598
189,0.019546652,0.89162004,0.008534848,0.89158326,0.004356446,0.8542069,0.014869887,0.9538599,0.012830798,0.90960765,0.012657298,0.6439552,-0.0058877254,0.67552584,-0.005128037,0.91228753
190,-0.0022122662,0.89841545,-0.0028201903,0.89896625,-0.006473243,0.85835785,-0.0029299855,0.9693526,-0.0008176289,0.9138385,0.024569256,0.65713376,0.010310877,0.6823225,-0.0030924433,0.90949166
191,0.00088706124,0.8954956,-0.005658388,0.89911425,0.012444002,0.8531887,-0.01689951,0.96561354,0.008453474,0.90916663,-0.0054689045,0.6769168,0.007817207,0.68562526,0.0062041353,0.90813047
192,0.0019190965,0.90396357,0.008534848,0.9015683,-0.0005784056,0.86284095,-0.013453093,0.966101,-0.0055435565,0.921369,0.0033844416,0.68475986,0.0051714755,0.6998215,0.015416798,0.91404015
193,0.013117719,0.9002222,-0.0014100951,0.90770394,0.0034771096,0.86549956,-0.025757141,0.96390986,0.0028548823,0.9160802,-0.006746052,0.68493456,-0.015219342,0.7060568,0.009109416,0.9259854
194,0.0027638073,0.91407335,-0.016949141,0.90744436,0.0003845574,0.8704026,0.012440977,0.94131255,0.009624759,0.91730976,0.01103681,0.67753506,-0.0032661122,0.6926503,0.024071818,0.9316883
195,0.004206713,0.91520643,-0.015804935,0.90300286,0.004169143,0.8700496,0.009216404,0.9347011,0.0017454623,0.92794055,0.0033574614,0.6836613,0.0037127472,0.6937611,-0.0068560243,0.9415829
196,-0.018924698,0.9202263,-0.0029200607,0.8939845,-0.0035124237,0.8716344,0.00304476,0.9397094,-0.00067007524,0.93506676,0.02301281,0.6819102,0.001741682,0.6838499,-0.014793373,0.9384713
197,-0.005743359,0.9113171,-0.008784774,0.8947232,0.006345792,0.87031335,-0.009104516,0.9415393,0.009120236,0.9347431,0.0061349045,0.6990973,-0.0030408134,0.6882498,-0.018017262,0.9378694
198,0.0077013187,0.90947574,0.013293944,0.89328045,0.018408723,0.87547076,-0.009189167,0.9360009,0.0019933933,0.9458054,-0.011787758,0.69856435,0.00021748696,0.68798316,0.012232245,0.93707
199,-0.018517613,0.91501826,-0.016034214,0.8913519,0.0036905822,0.8855281,-0.042503815,0.92992413,-0.005173057,0.94814986,0.005347418,0.6967588,-0.003920566,0.6892596,-0.010070161,0.93838865
200,0.01512331,0.9073798,0.014814378,0.8844748,-0.004424983,0.8849329,0.0088785235,0.8928425,0.003866775,0.9435437,0.022504324,0.6959955,0.027771316,0.6825447,0.0061030895,0.9372527
201,-0.005015526,0.9156798,-0.0014594336,0.8840736,-0.02366042,0.88041735,0.0079999985,0.89322984,-0.010493105,0.945728,-0.014806728,0.7078294,-0.0042557027,0.69549704,-0.027299583,0.93949497
202,0.00088988803,0.9101358,0.011695123,0.88328713,0.0017309425,0.86772394,0.025396563,0.90554273,0.0049666567,0.9399985,-0.06539315,0.705635,0.0051283813,0.69683826,0.0031181583,0.9348946
203,-0.01481285,0.90655917,0.0014457869,0.8823828,-0.0005120927,0.8652717,-0.0015477359,0.9133103,-0.0054758606,0.9386198,-0.018253358,0.68491054,0.0002122164,0.6946661,-0.0051811757,0.93276894
204,0.0015044132,0.8929745,0.012987005,0.8827738,0.0059552114,0.8620355,-0.01240354,0.9079526,0.00040308078,0.9339986,-0.011952706,0.67141736,-0.016577775,0.6947074,0.009375107,0.92806906
205,-0.01816628,0.8871294,-0.005698692,0.8891867,-0.0043919906,0.8665111,-0.0094189,0.90415734,-0.0033567753,0.92804396,-0.006720359,0.6623512,0.07715601,0.6826604,-0.0010325477,0.92806137
206,0.0025994072,0.87335765,-0.0042979945,0.8902622,0.006393367,0.86408156,-0.0039619654,0.892813,-0.0021553808,0.92544806,0.011727278,0.65680313,-0.014445526,0.7245203,0.013430141,0.9266237
207,0.029739242,0.87772876,0.001439546,0.89262736,0.035830174,0.86829334,-0.009546346,0.89230114,0.013094259,0.92611444,0.02184567,0.6575648,0.0040707337,0.72889996,-0.0050966707,0.9322891
208,0.01984624,0.8934378,-0.014368502,0.8960098,0.02250858,0.8938382,-0.012048126,0.8956566,-0.0061289365,0.928215,-0.0021809621,0.66400504,-0.029601686,0.72839326,-0.01844283,0.92726237
209,0.018298168,0.9011463,0.020408517,0.88971895,0.013915666,0.9108075,-0.0024392884,0.8898844,0.009652383,0.92035043,0.0043730102,0.6603585,0.01128231,0.7102848,0.0,0.9173784
210,0.0067022135,0.9241057,-0.017142853,0.91120106,-0.012719633,0.9282887,0.005704773,0.8905073,0.008630942,0.9340795,0.0026108916,0.6587832,-0.013430388,0.7204932,-0.0052190335,0.9156261
211,-0.0011333278,0.92631745,-0.0014530699,0.9060949,0.0073108845,0.9136355,-0.0076977853,0.8895886,0.0023696206,0.93615997,0.019541075,0.65655446,-0.0056534517,0.71600455,0.016789127,0.9156039
212,-0.003970778,0.93834984,0.0029104347,0.904163,0.026113642,0.9250454,-0.014292105,0.8873586,-0.0031523318,0.9465837,-0.002982353,0.6576193,0.00021024964,0.72005373,-0.0072238767,0.9256053
213,0.02107422,0.92854285,0.007257246,0.90028733,0.010145247,0.93713,0.008285005,0.87604487,0.0083006,0.94015706,-0.008116344,0.6581153,-0.009896276,0.71883243,-0.0041582827,0.9261916
214,0.0071119647,0.951255,-0.0028821926,0.9073575,0.0032133285,0.9491613,-0.078882836,0.88113546,-0.00457279,0.9564476,-0.015933987,0.657506,-0.026584871,0.7120693,-0.026096247,0.9260493
215,-0.014677899,0.9604162,-0.005779997,0.89851505,0.008180356,0.9452797,0.021410191,0.8545659,0.00511941,0.950599,-0.062144913,0.6549978,0.0034949621,0.7041756,-0.0032151456,0.91244465
216,-0.013630821,0.94961715,-0.030523181,0.87688017,-0.0020430088,0.9508463,-0.04366811,0.8497726,-0.006008244,0.95455444,0.00466686,0.63994193,0.0043548476,0.69146466,-0.01612961,0.9059749
217,0.005128664,0.9425777,0.013493248,0.8609529,-0.006879019,0.95427036,-0.016438574,0.83514595,-0.00039329936,0.9572564,-0.01718472,0.64092785,0.0071545313,0.6992306,0.0010935522,0.8990467
218,-0.0039684633,0.9415052,0.0,0.8495819,-0.0040077544,0.9537995,-0.0018567834,0.83040535,0.0003934541,0.95132905,-0.0018905023,0.63631135,-0.013130357,0.69883126,0.020742105,0.8890841
219,-0.010673293,0.9461387,0.014792468,0.864236,-0.015117693,0.957204,-0.01860457,0.8243796,-0.005780991,0.95858204,0.013257296,0.635237,0.0067613903,0.6958721,0.0010690538,0.9064016
220,-0.0012945229,0.9397051,-0.011661036,0.866096,-0.013189699,0.9532627,0.0037909278,0.81481874,-0.005682085,0.95059067,0.022897206,0.6336038,0.022746954,0.6904187,0.003205882,0.89735323
221,0.019011322,0.9408367,0.010324052,0.86627984,0.01194629,0.95213836,0.014164308,0.8061747,0.019670233,0.9477069,0.02284069,0.6300149,0.026689347,0.6976538,0.0074547366,0.898345
222,0.003817099,0.93884325,0.0058390605,0.87013906,-0.00555191,0.9526299,-0.0027935996,0.8004807,-0.00026050027,0.95453596,0.03305091,0.6303088,0.01856855,0.70891476,-0.0105715655,0.89106846
223,0.013093961,0.9407272,0.014514492,0.88082665,-0.0009995382,0.94935274,-0.008402834,0.79641885,0.0053452705,0.95709264,0.020752953,0.6323984,0.0038479203,0.7152378,0.019231066,0.8930726
224,0.012509059,0.94115466,0.024320789,0.8911109,0.01859036,0.9480167,0.037664782,0.79375654,0.015173003,0.95609486,0.010164805,0.6463929,0.014729845,0.7330972,0.026205609,0.8975413
225,-0.003431747,0.94684833,-0.0027936317,0.9174961,0.010511885,0.9518256,-0.01088907,0.7998379,0.0010220711,0.96908724,-0.0033547282,0.6481332,-0.0021871477,0.7396132,-0.001022001,0.91736466
226,0.0045455745,0.94431245,0.004201678,0.91835815,5.7398927e-05,0.9498412,0.0064217923,0.78620225,-0.0010210276,0.96595514,0.0122008575,0.65324754,-0.012554761,0.7418353,-0.0071574682,0.91355395
227,-0.011792004,0.94935113,-0.016736392,0.92282546,-0.0050292024,0.9496842,-0.0018229315,0.78978425,-0.016606955,0.96475494,0.015377675,0.65479445,0.0060536736,0.74149615,-0.006178582,0.91833687
228,-0.0012487199,0.9460744,0.021276517,0.90705156,-0.005859508,0.9492132,0.025570992,0.7875916,0.0070145456,0.9569272,0.018011166,0.670486,0.002808489,0.7463252,0.033160836,0.9191952
229,-0.022506148,0.9515346,0.02083332,0.9226579,-0.020743113,0.9476048,0.0044523575,0.7995656,-0.01535057,0.96029234,0.00402134,0.68319535,0.032407418,0.7477509,0.021063123,0.93331033
230,-0.0042643016,0.94348913,-0.008163261,0.93465614,0.0139844,0.9401395,0.02393587,0.80005413,-0.00917052,0.9508206,-0.0036054547,0.6941718,-0.055609353,0.7631554,-0.025541063,0.94669086
231,0.000571509,0.9409588,-0.002743815,0.92860895,-0.0046549025,0.9465806,0.019913698,0.8039156,-0.006611368,0.94312584,-0.016076054,0.6957527,-0.0123101,0.7384602,0.0030249052,0.9370418
232,-0.025534855,0.9418703,0.030262008,0.9286364,-0.0073082247,0.94479865,-0.015280405,0.8116807,-0.001730299,0.94023633,-0.015523068,0.6927507,-0.01329555,0.72754014,0.007035175,0.93748844
233,-0.0026359877,0.93187577,0.0026695172,0.93974304,-0.00094245543,0.9446867,-0.019827792,0.81255805,0.00026641216,0.93507826,-0.0004157706,0.6952446,-0.008420479,0.71804225,-0.015968166,0.9391621
234,0.01878863,0.92686355,-0.03328856,0.9460341,-0.003714117,0.9437033,-0.006156266,0.81105894,-0.0154620465,0.93345344,-0.0037356045,0.6951548,0.023991156,0.711682,-0.018255789,0.9327019
235,0.011669166,0.92582345,-0.001377076,0.9293009,0.0018343028,0.9431773,0.015043955,0.8077718,0.00744662,0.9135533,0.013750722,0.69417495,-0.023429066,0.71027005,-0.016529037,0.92071587
236,0.0146680735,0.9298788,-0.0151726715,0.9343676,0.00029556177,0.94032747,-0.0017433955,0.818468,0.012229475,0.91589123,0.0071917106,0.6947979,0.01146445,0.6945039,-0.011554909,0.9181992
